Hoze30Name,Hoze30Code,Hoze6Name,Hoze6Code,MahdodehName,MahdodehCode,OstanMotevali
بندرعباس - سدیج,28,خلیج فارس و دریای عمان,2,احمدی,2806,هرمزگان
جراحی و زهره,24,خلیج فارس و دریای عمان,2,اردکان ـ چشمه سفید,2424,فارس
کارون بزرگ,23,خلیج فارس و دریای عمان,2,اردل,2326,چهار محال بختیاری
مند,26,خلیج فارس و دریای عمان,2,اردمحمله,2619,فارس
مرزی غرب,21,خلیج فارس و دریای عمان,2,ازگله,2112,کرمانشاه
کارون بزرگ,23,خلیج فارس و دریای عمان,2,ازنا ـ الیگودرز,2342,لرستان
کرخه,22,خلیج فارس و دریای عمان,2,اسدآباد,2232,همدان
کرخه,22,خلیج فارس و دریای عمان,2,اسلام آباد,2218,کرمانشاه
کارون بزرگ,23,خلیج فارس و دریای عمان,2,اشترینان,2340,لرستان
کرخه,22,خلیج فارس و دریای عمان,2,الشتر,2210,لرستان
جراحی و زهره,24,خلیج فارس و دریای عمان,2,امام زاده جعفر,2417,کهکیلویه و بویر احمد
کل - مهران,27,خلیج فارس و دریای عمان,2,انجیرک ـ دهویه,2724,فارس
کارون بزرگ,23,خلیج فارس و دریای عمان,2,اندیکا,2308,خوزستان
کارون بزرگ,23,خلیج فارس و دریای عمان,2,انوچ,2337,لرستان
حله,25,خلیج فارس و دریای عمان,2,اهرم,2512,بوشهر
کارون بزرگ,23,خلیج فارس و دریای عمان,2,اهواز جنوبی,2302,خوزستان
کارون بزرگ,23,خلیج فارس و دریای عمان,2,اهواز شمالی,2303,خوزستان
کرخه,22,خلیج فارس و دریای عمان,2,اوان,2204,خوزستان
مند,26,خلیج فارس و دریای عمان,2,اوز ـ دنگ,2648,فارس
مند,26,خلیج فارس و دریای عمان,2,ایج,2634,فارس
کارون بزرگ,23,خلیج فارس و دریای عمان,2,ایذه ـ پیون,2310,خوزستان
بلوچستان جنوبی,29,خلیج فارس و دریای عمان,2,ایرافشان,2915,سیستان و بلوچستان
مند,26,خلیج فارس و دریای عمان,2,ایزدخواست,2647,فارس
کل - مهران,27,خلیج فارس و دریای عمان,2,ایسین,2702,هرمزگان
بندرعباس - سدیج,28,خلیج فارس و دریای عمان,2,ایسین شرقی,2802,هرمزگان
مرزی غرب,21,خلیج فارس و دریای عمان,2,ایلام,2119,ایلام
مرزی غرب,21,خلیج فارس و دریای عمان,2,ایوان ـ سومار,2118,ایلام
کارون بزرگ,23,خلیج فارس و دریای عمان,2,آهودشت,2334,خوزستان
کارون بزرگ,23,خلیج فارس و دریای عمان,2,بازفت,2321,چهار محال بختیاری
جراحی و زهره,24,خلیج فارس و دریای عمان,2,باشت,2419,کهکیلویه و بویر احمد
کل - مهران,27,خلیج فارس و دریای عمان,2,باشدو (زادمحمود),2705,فارس
جراحی و زهره,24,خلیج فارس و دریای عمان,2,باغ ملک,2404,خوزستان
مند,26,خلیج فارس و دریای عمان,2,باغان,2604,بوشهر
حله,25,خلیج فارس و دریای عمان,2,بالاده,2507,فارس
مرزی غرب,21,خلیج فارس و دریای عمان,2,بانه (چی چوران),2102,کردستان
بلوچستان جنوبی,29,خلیج فارس و دریای عمان,2,باهوکلات ـ نگور,2910,سیستان و بلوچستان
کل - مهران,27,خلیج فارس و دریای عمان,2,باینوج,2716,هرمزگان
کارون بزرگ,23,خلیج فارس و دریای عمان,2,بختیاری,2336,اصفهان
حله,25,خلیج فارس و دریای عمان,2,برازجان,2503,بوشهر
حله,25,خلیج فارس و دریای عمان,2,برم,2506,فارس
کارون بزرگ,23,خلیج فارس و دریای عمان,2,بروجن,2333,چهار محال بختیاری
کل - مهران,27,خلیج فارس و دریای عمان,2,بلاغ ـ بهمن,2732,هرمزگان
بندرعباس - سدیج,28,خلیج فارس و دریای عمان,2,بمانی,2816,هرمزگان
مند,26,خلیج فارس و دریای عمان,2,بن رودزنگنه,2641,فارس
بلوچستان جنوبی,29,خلیج فارس و دریای عمان,2,بنت ـ هنگام,2903,سیستان و بلوچستان
حله,25,خلیج فارس و دریای عمان,2,بندر دیلم,2501,بوشهر
بندرعباس - سدیج,28,خلیج فارس و دریای عمان,2,بندرعباس,2801,هرمزگان
حله,25,خلیج فارس و دریای عمان,2,بندرگناوه,2502,بوشهر
کل - مهران,27,خلیج فارس و دریای عمان,2,بندرلنگه,2733,هرمزگان
بلوچستان جنوبی,29,خلیج فارس و دریای عمان,2,بندینی ـ بیر,2905,سیستان و بلوچستان
جراحی و زهره,24,خلیج فارس و دریای عمان,2,بهبهان,2407,خوزستان
مند,26,خلیج فارس و دریای عمان,2,بوشکان,2609,بوشهر
حله,25,خلیج فارس و دریای عمان,2,بوشهر ـ دلوار,2513,بوشهر
مند,26,خلیج فارس و دریای عمان,2,بیدشهر,2643,فارس
کرخه,22,خلیج فارس و دریای عمان,2,بیستون ـ دیناور,2227,کرمانشاه
مرزی غرب,21,خلیج فارس و دریای عمان,2,بیونیژ ـ حر,2105,کرمانشاه
مرزی غرب,21,خلیج فارس و دریای عمان,2,پاوه,2107,کرمانشاه
کرخه,22,خلیج فارس و دریای عمان,2,پل دختر,2206,لرستان
مرزی غرب,21,خلیج فارس و دریای عمان,2,پل ذهاب,2117,کرمانشاه
بلوچستان جنوبی,29,خلیج فارس و دریای عمان,2,پی بشک,2901,هرمزگان
بلوچستان جنوبی,29,خلیج فارس و دریای عمان,2,پیر سهراب ـ عورکی,2911,سیستان و بلوچستان
مرزی غرب,21,خلیج فارس و دریای عمان,2,پیرانشهر (خانه),2104,آذربایجان غربی
بلوچستان جنوبی,29,خلیج فارس و دریای عمان,2,پیشین,2913,سیستان و بلوچستان
کل - مهران,27,خلیج فارس و دریای عمان,2,تاشکوئیه,2718,هرمزگان
مرزی غرب,21,خلیج فارس و دریای عمان,2,تپه اسماعیل ـ امیرآباد,2111,کردستان
جراحی و زهره,24,خلیج فارس و دریای عمان,2,تخت دراز,2408,کهکیلویه و بویر احمد
کل - مهران,27,خلیج فارس و دریای عمان,2,تنب,2738,هرمزگان
کرخه,22,خلیج فارس و دریای عمان,2,تویسرکان,2234,همدان
بلوچستان جنوبی,29,خلیج فارس و دریای عمان,2,تیسکوفان ـ چابهار,2909,سیستان و بلوچستان
بندرعباس - سدیج,28,خلیج فارس و دریای عمان,2,جاسک,2819,هرمزگان
جراحی و زهره,24,خلیج فارس و دریای عمان,2,جایزان,2406,خوزستان
بندرعباس - سدیج,28,خلیج فارس و دریای عمان,2,جغین ـ توکهور,2808,هرمزگان
بندرعباس - سدیج,28,خلیج فارس و دریای عمان,2,جگین,2820,هرمزگان
مند,26,خلیج فارس و دریای عمان,2,جم,2606,بوشهر
کل - مهران,27,خلیج فارس و دریای عمان,2,جناح ـبستک,2726,هرمزگان
مند,26,خلیج فارس و دریای عمان,2,جهرم,2627,فارس
مرزی غرب,21,خلیج فارس و دریای عمان,2,جوانرود,2106,کرمانشاه
کارون بزرگ,23,خلیج فارس و دریای عمان,2,جوانمردی,2320,چهار محال بختیاری
مند,26,خلیج فارس و دریای عمان,2,جویم ـ بنارویه,2644,فارس
مند,26,خلیج فارس و دریای عمان,2,چاه گاه,2603,بوشهر
کرخه,22,خلیج فارس و دریای عمان,2,چرداول,2215,ایلام
مند,26,خلیج فارس و دریای عمان,2,چرمشت,2618,فارس
کارون بزرگ,23,خلیج فارس و دریای عمان,2,چشمه سلیمان,2325,چهار محال بختیاری
کرخه,22,خلیج فارس و دریای عمان,2,چغلوندی,2211,لرستان
حله,25,خلیج فارس و دریای عمان,2,چنار فاریاب,2509,فارس
کرخه,22,خلیج فارس و دریای عمان,2,چنانه ـ خسرج,2202,خوزستان
جراحی و زهره,24,خلیج فارس و دریای عمان,2,چهاربیشه,2412,کهکیلویه و بویر احمد
کل - مهران,27,خلیج فارس و دریای عمان,2,حاجی آباد,2712,هرمزگان
کرخه,22,خلیج فارس و دریای عمان,2,حسن آباد ـ قلعه شیان,2217,کرمانشاه
مند,26,خلیج فارس و دریای عمان,2,حکان,2625,فارس
کل - مهران,27,خلیج فارس و دریای عمان,2,خارک,2734,بوشهر
مند,26,خلیج فارس و دریای عمان,2,خانه زنیان,2640,فارس
کرخه,22,خلیج فارس و دریای عمان,2,خرم آباد,2208,لرستان
کارون بزرگ,23,خلیج فارس و دریای عمان,2,خرمشهر,2301,خوزستان
کل - مهران,27,خلیج فارس و دریای عمان,2,خسویه ـ ساچون,2721,فارس
حله,25,خلیج فارس و دریای عمان,2,خشت ـ کمارچ,2504,فارس
مند,26,خلیج فارس و دریای عمان,2,خفر,2637,فارس
مند,26,خلیج فارس و دریای عمان,2,خنج,2642,فارس
مند,26,خلیج فارس و دریای عمان,2,خورموج,2602,بوشهر
جراحی و زهره,24,خلیج فارس و دریای عمان,2,خیرآباد,2413,خوزستان
کل - مهران,27,خلیج فارس و دریای عمان,2,داراب,2722,فارس
مند,26,خلیج فارس و دریای عمان,2,دارالمیزان,2615,فارس
مند,26,خلیج فارس و دریای عمان,2,دارنجان,2614,فارس
مند,26,خلیج فارس و دریای عمان,2,دال سمیکان,2635,فارس
جراحی و زهره,24,خلیج فارس و دریای عمان,2,دالون ـ میداود,2403,خوزستان
کل - مهران,27,خلیج فارس و دریای عمان,2,دراکویه,2723,فارس
کل - مهران,27,خلیج فارس و دریای عمان,2,درزسایبان,2706,فارس
کرخه,22,خلیج فارس و دریای عمان,2,دره شهر,2212,ایلام
حله,25,خلیج فارس و دریای عمان,2,دریاچه پریشان,2511,فارس
کارون بزرگ,23,خلیج فارس و دریای عمان,2,دزفول ـ اندیمشک,2335,خوزستان
کل - مهران,27,خلیج فارس و دریای عمان,2,دژکان,2725,هرمزگان
مند,26,خلیج فارس و دریای عمان,2,دژکاه ـ کورده,2607,فارس
حله,25,خلیج فارس و دریای عمان,2,دشت ارژن,2510,فارس
مند,26,خلیج فارس و دریای عمان,2,دشت افزر,2622,فارس
کرخه,22,خلیج فارس و دریای عمان,2,دشت آزادگان,2201,خوزستان
مند,26,خلیج فارس و دریای عمان,2,دشت پلنگ,2608,بوشهر
جراحی و زهره,24,خلیج فارس و دریای عمان,2,دشت رستم,2418,فارس
کارون بزرگ,23,خلیج فارس و دریای عمان,2,دشت روم,2318,کهکیلویه و بویر احمد
کرخه,22,خلیج فارس و دریای عمان,2,دشت عباس شرقی,2203,ایلام
مرزی غرب,21,خلیج فارس و دریای عمان,2,دشت عباس غربی ـ عین خوش,2124,ایلام
کارون بزرگ,23,خلیج فارس و دریای عمان,2,ده بارز,2312,کهکیلویه و بویر احمد
کارون بزرگ,23,خلیج فارس و دریای عمان,2,ده شیخ,2311,خوزستان
بندرعباس - سدیج,28,خلیج فارس و دریای عمان,2,ده کهان,2812,کرمان
کل - مهران,27,خلیج فارس و دریای عمان,2,ده هنگ,2704,هرمزگان
جراحی و زهره,24,خلیج فارس و دریای عمان,2,دهدشت,2415,کهکیلویه و بویر احمد
مند,26,خلیج فارس و دریای عمان,2,دهرم,2611,فارس
مند,26,خلیج فارس و دریای عمان,2,دهرودتنگ ارم,2610,بوشهر
مند,26,خلیج فارس و دریای عمان,2,دهکویه,2646,فارس
مرزی غرب,21,خلیج فارس و دریای عمان,2,دهلران,2122,ایلام
کارون بزرگ,23,خلیج فارس و دریای عمان,2,دوراهان,2322,چهار محال بختیاری
کارون بزرگ,23,خلیج فارس و دریای عمان,2,دورود ـ بروجرد,2339,لرستان
کل - مهران,27,خلیج فارس و دریای عمان,2,دولت آباد,2714,کرمان
کل - مهران,27,خلیج فارس و دریای عمان,2,دیر ـ کنگان,2729,بوشهر
مرزی غرب,21,خلیج فارس و دریای عمان,2,دیره,2116,کرمانشاه
بلوچستان جنوبی,29,خلیج فارس و دریای عمان,2,راسک ـ سرباز,2914,سیستان و بلوچستان
جراحی و زهره,24,خلیج فارس و دریای عمان,2,رامهرمز,2402,خوزستان
مرزی غرب,21,خلیج فارس و دریای عمان,2,رزآب,2108,کردستان
کل - مهران,27,خلیج فارس و دریای عمان,2,رستاق ـ فورک,2720,فارس
کل - مهران,27,خلیج فارس و دریای عمان,2,رستاق ـ مقام,2731,هرمزگان
کل - مهران,27,خلیج فارس و دریای عمان,2,رضوان,2703,هرمزگان
کرخه,22,خلیج فارس و دریای عمان,2,روانسر ـ سنجابی,2224,کرمانشاه
بندرعباس - سدیج,28,خلیج فارس و دریای عمان,2,رودان,2810,هرمزگان
کرخه,22,خلیج فارس و دریای عمان,2,رومیشگان,2213,لرستان
مند,26,خلیج فارس و دریای عمان,2,رونیز,2631,فارس
مند,26,خلیج فارس و دریای عمان,2,ریز,2605,بوشهر
مند,26,خلیج فارس و دریای عمان,2,زاهدون,2628,فارس
مرزی غرب,21,خلیج فارس و دریای عمان,2,زهاب,2113,کرمانشاه
جراحی و زهره,24,خلیج فارس و دریای عمان,2,زیدون,2410,خوزستان
بندرعباس - سدیج,28,خلیج فارس و دریای عمان,2,سدیج,2822,هرمزگان
کارون بزرگ,23,خلیج فارس و دریای عمان,2,سراب جلدون (سزار),2338,لرستان
جراحی و زهره,24,خلیج فارس و دریای عمان,2,سرانجیلک,2422,فارس
جراحی و زهره,24,خلیج فارس و دریای عمان,2,سرپری,2414,کهکیلویه و بویر احمد
بندرعباس - سدیج,28,خلیج فارس و دریای عمان,2,سرخون,2803,هرمزگان
مرزی غرب,21,خلیج فارس و دریای عمان,2,سردشت,2103,آذربایجان غربی
بندرعباس - سدیج,28,خلیج فارس و دریای عمان,2,سرزه ـ سیاهو,2805,هرمزگان
بلوچستان جنوبی,29,خلیج فارس و دریای عمان,2,سرگان ـ طیس,2908,سیستان و بلوچستان
کارون بزرگ,23,خلیج فارس و دریای عمان,2,سفیددشت,2332,چهار محال بختیاری
کارون بزرگ,23,خلیج فارس و دریای عمان,2,سمیرم,2315,اصفهان
کرخه,22,خلیج فارس و دریای عمان,2,سنقر,2229,کرمانشاه
مرزی غرب,21,خلیج فارس و دریای عمان,2,سنندج,2110,کردستان
کل - مهران,27,خلیج فارس و دریای عمان,2,سوغان,2715,کرمان
مند,26,خلیج فارس و دریای عمان,2,سیخ ـ دارنگون,2639,فارس
بندرعباس - سدیج,28,خلیج فارس و دریای عمان,2,سیریک,2818,هرمزگان
مند,26,خلیج فارس و دریای عمان,2,سیف آبادلاغر,2621,فارس
جراحی و زهره,24,خلیج فارس و دریای عمان,2,شادگان,2401,خوزستان
جراحی و زهره,24,خلیج فارس و دریای عمان,2,شاه بهرام,2416,کهکیلویه و بویر احمد
کل - مهران,27,خلیج فارس و دریای عمان,2,شاه غیب,2707,فارس
کارون بزرگ,23,خلیج فارس و دریای عمان,2,شلمزار,2329,چهار محال بختیاری
بندرعباس - سدیج,28,خلیج فارس و دریای عمان,2,شمیل ـ تخت,2804,هرمزگان
کل - مهران,27,خلیج فارس و دریای عمان,2,شمیل ـ میمند,2713,هرمزگان
کارون بزرگ,23,خلیج فارس و دریای عمان,2,شهرکرد,2330,چهار محال بختیاری
کرخه,22,خلیج فارس و دریای عمان,2,شیراوند,2209,لرستان
کرخه,22,خلیج فارس و دریای عمان,2,شیروان,2214,ایلام
مرزی غرب,21,خلیج فارس و دریای عمان,2,صالح آباد,2120,ایلام
مند,26,خلیج فارس و دریای عمان,2,صحرای باغ لار,2617,فارس
کرخه,22,خلیج فارس و دریای عمان,2,صحنه,2230,کرمانشاه
جراحی و زهره,24,خلیج فارس و دریای عمان,2,صیدون,2405,خوزستان
مند,26,خلیج فارس و دریای عمان,2,علامرودشت ـبیرم,2616,فارس
کارون بزرگ,23,خلیج فارس و دریای عمان,2,فارسان,2328,چهار محال بختیاری
بندرعباس - سدیج,28,خلیج فارس و دریای عمان,2,فاریاب کلاشگرد,2814,کرمان
کل - مهران,27,خلیج فارس و دریای عمان,2,فخرآباد,2717,فارس
کل - مهران,27,خلیج فارس و دریای عمان,2,فدامی,2719,فارس
حله,25,خلیج فارس و دریای عمان,2,فراشبند,2508,فارس
کل - مهران,27,خلیج فارس و دریای عمان,2,فرور,2737,هرمزگان
مند,26,خلیج فارس و دریای عمان,2,فسا,2629,فارس
بلوچستان جنوبی,29,خلیج فارس و دریای عمان,2,فنوج,2904,سیستان و بلوچستان
جراحی و زهره,24,خلیج فارس و دریای عمان,2,فهلیان,2421,فارس
مند,26,خلیج فارس و دریای عمان,2,فیروزآباد,2612,فارس
کل - مهران,27,خلیج فارس و دریای عمان,2,فین ـ مارام,2710,هرمزگان
کارون بزرگ,23,خلیج فارس و دریای عمان,2,قبرکیخا,2316,اصفهان
مند,26,خلیج فارس و دریای عمان,2,قره بلاغ,2633,فارس
مرزی غرب,21,خلیج فارس و دریای عمان,2,قزلچه,2101,کردستان
کل - مهران,27,خلیج فارس و دریای عمان,2,قشم,2739,هرمزگان
بلوچستان جنوبی,29,خلیج فارس و دریای عمان,2,قصر قند,2912,سیستان و بلوچستان
مرزی غرب,21,خلیج فارس و دریای عمان,2,قصرشیرین,2115,کرمانشاه
مند,26,خلیج فارس و دریای عمان,2,قطب آباد,2626,فارس
مند,26,خلیج فارس و دریای عمان,2,قیرکارزین,2623,فارس
حله,25,خلیج فارس و دریای عمان,2,کازرون,2505,فارس
کرخه,22,خلیج فارس و دریای عمان,2,کامیاران,2223,کرمانشاه
بندرعباس - سدیج,28,خلیج فارس و دریای عمان,2,کردی شیرازی,2815,هرمزگان
کرخه,22,خلیج فارس و دریای عمان,2,کرمانشاه,2222,کرمانشاه
کرخه,22,خلیج فارس و دریای عمان,2,کرند,2219,کرمانشاه
بندرعباس - سدیج,28,خلیج فارس و دریای عمان,2,کریان,2817,هرمزگان
کارون بزرگ,23,خلیج فارس و دریای عمان,2,کمه,2314,اصفهان
کرخه,22,خلیج فارس و دریای عمان,2,کنگاور,2231,کرمانشاه
کل - مهران,27,خلیج فارس و دریای عمان,2,کهکم ـ سعادت آباد,2711,هرمزگان
کل - مهران,27,خلیج فارس و دریای عمان,2,کهورستان,2701,هرمزگان
بلوچستان جنوبی,29,خلیج فارس و دریای عمان,2,کهیر,2906,سیستان و بلوچستان
مند,26,خلیج فارس و دریای عمان,2,کوار,2638,فارس
جراحی و زهره,24,خلیج فارس و دریای عمان,2,کودیان ـ سرگاه,2423,فارس
کرخه,22,خلیج فارس و دریای عمان,2,کوهدشت,2207,لرستان
کارون بزرگ,23,خلیج فارس و دریای عمان,2,کوهرنگ,2327,چهار محال بختیاری
کارون بزرگ,23,خلیج فارس و دریای عمان,2,کیار,2331,چهار محال بختیاری
کل - مهران,27,خلیج فارس و دریای عمان,2,کیش,2736,هرمزگان
بندرعباس - سدیج,28,خلیج فارس و دریای عمان,2,گابریک,2821,هرمزگان
کل - مهران,27,خلیج فارس و دریای عمان,2,گاوبندی,2730,هرمزگان
کارون بزرگ,23,خلیج فارس و دریای عمان,2,گتوند ـ عقیلی,2306,خوزستان
کل - مهران,27,خلیج فارس و دریای عمان,2,گراش,2709,فارس
کل - مهران,27,خلیج فارس و دریای عمان,2,گله دار,2728,فارس
کارون بزرگ,23,خلیج فارس و دریای عمان,2,گندمان ـبلداجی,2323,چهار محال بختیاری
مرزی غرب,21,خلیج فارس و دریای عمان,2,گیلان غرب,2114,کرمانشاه
کل - مهران,27,خلیج فارس و دریای عمان,2,لار,2708,فارس
کل - مهران,27,خلیج فارس و دریای عمان,2,لارک,2741,هرمزگان
بلوچستان جنوبی,29,خلیج فارس و دریای عمان,2,لاش (زرآباد),2902,سیستان و بلوچستان
کارون بزرگ,23,خلیج فارس و دریای عمان,2,لالی,2307,خوزستان
کل - مهران,27,خلیج فارس و دریای عمان,2,لامرد,2727,فارس
کل - مهران,27,خلیج فارس و دریای عمان,2,لاوان,2735,هرمزگان
کارون بزرگ,23,خلیج فارس و دریای عمان,2,لردگان,2319,چهار محال بختیاری
جراحی و زهره,24,خلیج فارس و دریای عمان,2,لیشتر,2411,کهکیلویه و بویر احمد
کارون بزرگ,23,خلیج فارس و دریای عمان,2,مال خلیفه,2313,چهار محال بختیاری
کرخه,22,خلیج فارس و دریای عمان,2,ماهیدشت,2225,کرمانشاه
مند,26,خلیج فارس و دریای عمان,2,مبارک آبادباروس,2624,فارس
کارون بزرگ,23,خلیج فارس و دریای عمان,2,مرغاب,2309,خوزستان
مرزی غرب,21,خلیج فارس و دریای عمان,2,مریوان,2109,کردستان
بندرعباس - سدیج,28,خلیج فارس و دریای عمان,2,مسافرآباد,2813,هرمزگان
کارون بزرگ,23,خلیج فارس و دریای عمان,2,مسجد سلیمان,2305,خوزستان
کرخه,22,خلیج فارس و دریای عمان,2,ملایر,2235,همدان
مند,26,خلیج فارس و دریای عمان,2,مند,2601,بوشهر
بندرعباس - سدیج,28,خلیج فارس و دریای عمان,2,منوجان,2809,کرمان
مرزی غرب,21,خلیج فارس و دریای عمان,2,مهران,2121,ایلام
کارون بزرگ,23,خلیج فارس و دریای عمان,2,مهرگرد,2324,اصفهان
مرزی غرب,21,خلیج فارس و دریای عمان,2,موسیان ـ آبدانان,2123,ایلام
مند,26,خلیج فارس و دریای عمان,2,موک ـ مهکویه,2613,فارس
کرخه,22,خلیج فارس و دریای عمان,2,مولاب,2205,ایلام
کارون بزرگ,23,خلیج فارس و دریای عمان,2,میان آب ـ شوشتر,2304,خوزستان
مند,26,خلیج فارس و دریای عمان,2,میان جنگل,2630,فارس
کرخه,22,خلیج فارس و دریای عمان,2,میان راهان,2228,کرمانشاه
کارون بزرگ,23,خلیج فارس و دریای عمان,2,میرقاسم,2341,مرکزی
مند,26,خلیج فارس و دریای عمان,2,میمندشبانکاره,2636,فارس
بندرعباس - سدیج,28,خلیج فارس و دریای عمان,2,میناب,2807,هرمزگان
کرخه,22,خلیج فارس و دریای عمان,2,نهاوند,2233,همدان
مند,26,خلیج فارس و دریای عمان,2,نوبندگان,2632,فارس
بندرعباس - سدیج,28,خلیج فارس و دریای عمان,2,نودژ,2811,کرمان
کرخه,22,خلیج فارس و دریای عمان,2,نورآباد,2221,لرستان
جراحی و زهره,24,خلیج فارس و دریای عمان,2,نورآبادممسنی,2420,فارس
بلوچستان جنوبی,29,خلیج فارس و دریای عمان,2,نیک شهر,2907,سیستان و بلوچستان
کرخه,22,خلیج فارس و دریای عمان,2,هرسم,2216,کرمانشاه
کرخه,22,خلیج فارس و دریای عمان,2,هرسین,2226,کرمانشاه
مند,26,خلیج فارس و دریای عمان,2,هرم ـ کاریان,2645,فارس
کل - مهران,27,خلیج فارس و دریای عمان,2,هرمز,2742,هرمزگان
کرخه,22,خلیج فارس و دریای عمان,2,هلیلان,2220,ایلام
جراحی و زهره,24,خلیج فارس و دریای عمان,2,هندیجان,2409,خوزستان
کل - مهران,27,خلیج فارس و دریای عمان,2,هنگام,2740,هرمزگان
مند,26,خلیج فارس و دریای عمان,2,هنگام,2620,فارس
کارون بزرگ,23,خلیج فارس و دریای عمان,2,یاسوج,2317,کهکیلویه و بویر احمد
دریاچه ارومیه,30,دریاچه ارومیه,3,ارومیه,3003,آذربایجان غربی
دریاچه ارومیه,30,دریاچه ارومیه,3,اشنویه,3008,آذربایجان غربی
دریاچه ارومیه,30,دریاچه ارومیه,3,آذرشهر,3018,آذربایجان شرقی
دریاچه ارومیه,30,دریاچه ارومیه,3,بستان آباد,3021,آذربایجان شرقی
دریاچه ارومیه,30,دریاچه ارومیه,3,بوکان,3011,آذربایجان غربی
دریاچه ارومیه,30,دریاچه ارومیه,3,بیلوردی ـ دوزدوزان,3020,آذربایجان شرقی
دریاچه ارومیه,30,دریاچه ارومیه,3,تبریز,3019,آذربایجان شرقی
دریاچه ارومیه,30,دریاچه ارومیه,3,تسوج,3024,آذربایجان شرقی
دریاچه ارومیه,30,دریاچه ارومیه,3,تکاب,3013,آذربایجان غربی
دریاچه ارومیه,30,دریاچه ارومیه,3,جزایر دریاچه ارومیه,3025,آذربایجان غربی
دریاچه ارومیه,30,دریاچه ارومیه,3,رشکان,3006,آذربایجان غربی
دریاچه ارومیه,30,دریاچه ارومیه,3,زیوه ـ سیلوانا,3005,آذربایجان غربی
دریاچه ارومیه,30,دریاچه ارومیه,3,سراب,3022,آذربایجان شرقی
دریاچه ارومیه,30,دریاچه ارومیه,3,سرو ـ موانا,3004,آذربایجان غربی
دریاچه ارومیه,30,دریاچه ارومیه,3,سقز,3014,کردستان
دریاچه ارومیه,30,دریاچه ارومیه,3,سلماس,3001,آذربایجان غربی
دریاچه ارومیه,30,دریاچه ارومیه,3,شیرامین,3017,آذربایجان شرقی
دریاچه ارومیه,30,دریاچه ارومیه,3,صائین قلعه,3012,آذربایجان غربی
دریاچه ارومیه,30,دریاچه ارومیه,3,صوفیان ـ شبستر,3023,آذربایجان شرقی
دریاچه ارومیه,30,دریاچه ارومیه,3,عجب شیر,3016,آذربایجان شرقی
دریاچه ارومیه,30,دریاچه ارومیه,3,کهریز,3002,آذربایجان غربی
دریاچه ارومیه,30,دریاچه ارومیه,3,مراغه,3015,آذربایجان شرقی
دریاچه ارومیه,30,دریاچه ارومیه,3,مهاباد,3009,آذربایجان غربی
دریاچه ارومیه,30,دریاچه ارومیه,3,میاندوآب,3010,آذربایجان غربی
دریاچه ارومیه,30,دریاچه ارومیه,3,نقده,3007,آذربایجان غربی
ارس,11,دریای خزر,1,اردبیل,1103,اردبیل
ارس,11,دریای خزر,1,اهر ـ ورزقان,1104,آذربایجان شرقی
ارس,11,دریای خزر,1,اواغلی,1106,آذربایجان غربی
سفیدرود,13,دریای خزر,1,آستانه ـ کوچصفهان,1301,گیلان
هراز و قره سو,15,دریای خزر,1,بابل ـ آمل,1501,مازندران
ارس,11,دریای خزر,1,بازرگان ـ کشمش تپه کلیسا کندی,1111,آذربایجان غربی
اترک,17,دریای خزر,1,بجنورد,1707,خراسان شمالی
هراز و قره سو,15,دریای خزر,1,بهشهر ـ بندرگز,1504,مازندران
ارس,11,دریای خزر,1,پلدشت,1110,آذربایجان غربی
رودخانه های تالش,12,دریای خزر,1,تالش,1201,گیلان
ارس,11,دریای خزر,1,جلفا ـ دوزال,1105,آذربایجان شرقی
ارس,11,دریای خزر,1,چالدران (سیه چشمه),1112,آذربایجان غربی
ارس,11,دریای خزر,1,خوی,1109,آذربایجان غربی
اترک,17,دریای خزر,1,داشلی برون ـ اینجه برون,1701,گلستان
سفیدرود,13,دریای خزر,1,دیواندره ـ بیجار,1309,کردستان
رودخانه های بین سفیدرود و هراز,14,دریای خزر,1,رامسر ـ چالوس,1402,مازندران
قره سو و گرگان,16,دریای خزر,1,رباط قره بیل ـ دانیال نبی,1602,خراسان شمالی
سفیدرود,13,دریای خزر,1,زنجان,1304,زنجان
ارس,11,دریای خزر,1,زنگنه,1113,آذربایجان غربی
هراز و قره سو,15,دریای خزر,1,ساری ـ نکا,1503,مازندران
اترک,17,دریای خزر,1,سملقان (آشخانه),1706,خراسان شمالی
سفیدرود,13,دریای خزر,1,سوجاس,1306,زنجان
سفیدرود,13,دریای خزر,1,طارم ـ خلخال,1302,اردبیل
سفیدرود,13,دریای خزر,1,طالقان ـ الموت,1310,قزوین
اترک,17,دریای خزر,1,غلامان,1702,خراسان شمالی
رودخانه های تالش,12,دریای خزر,1,فومنات,1202,گیلان
هراز و قره سو,15,دریای خزر,1,قائم شهر ـ جویبار,1502,مازندران
ارس,11,دریای خزر,1,قره ضیاءالدین,1108,آذربایجان غربی
سفیدرود,13,دریای خزر,1,قروه ـ دهگلان,1308,کردستان
اترک,17,دریای خزر,1,قوچان ـ شیروان,1708,خراسان شمالی
اترک,17,دریای خزر,1,قوری میدان,1705,خراسان شمالی
قره سو و گرگان,16,دریای خزر,1,گرگان,1601,گلستان
سفیدرود,13,دریای خزر,1,گل تپه ـ زرین آباد,1307,زنجان
رودخانه های بین سفیدرود و هراز,14,دریای خزر,1,لاهیجان ـ چابکسر,1401,گیلان
اترک,17,دریای خزر,1,مانه,1704,خراسان شمالی
سفیدرود,13,دریای خزر,1,ماه نشان ـ انگوران,1305,زنجان
اترک,17,دریای خزر,1,مراوه تپه,1703,گلستان
ارس,11,دریای خزر,1,مرند,1107,آذربایجان شرقی
ارس,11,دریای خزر,1,مشکین شهر,1102,اردبیل
ارس,11,دریای خزر,1,مغان ـ پارس آباد,1101,اردبیل
سفیدرود,13,دریای خزر,1,منجیل,1311,قزوین
سفیدرود,13,دریای خزر,1,میانه,1303,آذربایجان شرقی
رودخانه های بین سفیدرود و هراز,14,دریای خزر,1,نوشهر ـ نور,1403,مازندران
قره قوم,60,قره قوم,6,آق دربند,6005,خراسان رضوی
قره قوم,60,قره قوم,6,تایباد,6011,خراسان رضوی
قره قوم,60,قره قوم,6,درگز,6001,خراسان رضوی
قره قوم,60,قره قوم,6,سرخس,6004,خراسان رضوی
قره قوم,60,قره قوم,6,سنگ بست,6008,خراسان رضوی
قره قوم,60,قره قوم,6,شهر نو ـ باخزر,6012,خراسان رضوی
قره قوم,60,قره قوم,6,صالح آباد ـ جنت آباد,6009,خراسان رضوی
قره قوم,60,قره قوم,6,فریمان ـتربت جام,6010,خراسان رضوی
قره قوم,60,قره قوم,6,کرات,6013,خراسان رضوی
قره قوم,60,قره قوم,6,کلات نادری,6002,خراسان رضوی
قره قوم,60,قره قوم,6,گنبدلی,6003,خراسان رضوی
قره قوم,60,قره قوم,6,مشهد,6007,خراسان رضوی
قره قوم,60,قره قوم,6,نریمانی,6006,خراسان رضوی
ابرقو - سیرجان,44,فلات مرکزی,4,ابرقو,4401,یزد
دریاچه نمک,41,فلات مرکزی,4,ابهر,4107,زنجان
دریاچه نمک,41,فلات مرکزی,4,اراک,4124,مرکزی
کویر سیاه کوه,48,فلات مرکزی,4,اردستان,4801,اصفهان
طشک - بختگان - مهارلو,43,فلات مرکزی,4,ارسنجان,4302,فارس
کویر درانجیر,49,فلات مرکزی,4,ارنان ـ دهج,4904,یزد
کویر مرکزی,47,فلات مرکزی,4,ازغند,4723,خراسان رضوی
هامون جازموریان,45,فلات مرکزی,4,اسپکه ـ مسکوتان,4515,سیستان و بلوچستان
طشک - بختگان - مهارلو,43,فلات مرکزی,4,استهبان,4308,فارس
کویر مرکزی,47,فلات مرکزی,4,اسفراین,4743,خراسان شمالی
گاو خونی,42,فلات مرکزی,4,اسفنداران,4219,اصفهان
هامون جازموریان,45,فلات مرکزی,4,اسفندقه,4505,کرمان
دریاچه نمک,41,فلات مرکزی,4,اشتهارد,4104,تهران
گاو خونی,42,فلات مرکزی,4,اصفهان ـ برخوار,4202,اصفهان
کویر سیاه کوه,48,فلات مرکزی,4,انارک,4805,اصفهان
هامون جازموریان,45,فلات مرکزی,4,ایراندگان,4518,سیستان و بلوچستان
هامون جازموریان,45,فلات مرکزی,4,ایرانشهر ـ بمپور,4517,سیستان و بلوچستان
گاو خونی,42,فلات مرکزی,4,ایزد خواست,4220,فارس
کویر مرکزی,47,فلات مرکزی,4,ایوانکی,4708,سمنان
ابرقو - سیرجان,44,فلات مرکزی,4,آباده ـ اقلید,4402,فارس
طشک - بختگان - مهارلو,43,فلات مرکزی,4,آباده طشک ـ جهان آباد,4305,فارس
کویر لوت,46,فلات مرکزی,4,آبخوان,4629,سیستان و بلوچستان
طشک - بختگان - مهارلو,43,فلات مرکزی,4,آسپاس,4321,فارس
دریاچه نمک,41,فلات مرکزی,4,آستانه,4123,مرکزی
دریاچه نمک,41,فلات مرکزی,4,آوج,4108,قزوین
کویر سیاه کوه,48,فلات مرکزی,4,باد ـ خالدآباد,4803,اصفهان
هامون جازموریان,45,فلات مرکزی,4,بافت,4508,کرمان
کویر درانجیر,49,فلات مرکزی,4,بافق,4908,یزد
کویر مرکزی,47,فلات مرکزی,4,بجستان یونسی,4721,خراسان رضوی
کویر مرکزی,47,فلات مرکزی,4,بردسکن,4717,خراسان رضوی
کویر درانجیر,49,فلات مرکزی,4,بردسیر,4905,کرمان
هامون جازموریان,45,فلات مرکزی,4,بزمان ـ سردگال,4516,سیستان و بلوچستان
هامون جازموریان,45,فلات مرکزی,4,بزنجان,4507,کرمان
کویر مرکزی,47,فلات مرکزی,4,بسطام,4750,سمنان
کویر مرکزی,47,فلات مرکزی,4,بشرویه,4720,خراسان جنوبی
طشک - بختگان - مهارلو,43,فلات مرکزی,4,بکان,4322,فارس
دریاچه نمک,41,فلات مرکزی,4,بلوک شراء,4119,مرکزی
کویر لوت,46,فلات مرکزی,4,بم ـ نرماشیر,4620,کرمان
گاو خونی,42,فلات مرکزی,4,بن ـ سامان,4210,چهار محال بختیاری
کویر لوت,46,فلات مرکزی,4,بهاباد,4607,یزد
کویر درانجیر,49,فلات مرکزی,4,بهادران,4903,یزد
ابرقو - سیرجان,44,فلات مرکزی,4,بوانات,4408,فارس
گاو خونی,42,فلات مرکزی,4,بوئین ـ میان‌دشت,4212,اصفهان
کویر مرکزی,47,فلات مرکزی,4,بیارجمند,4732,سمنان
کویر مرکزی,47,فلات مرکزی,4,بیاضه,4713,اصفهان
کویر لوت,46,فلات مرکزی,4,بیرجند,4616,خراسان جنوبی
طشک - بختگان - مهارلو,43,فلات مرکزی,4,بیضا ـ زرقان,4318,فارس
کویر مرکزی,47,فلات مرکزی,4,بیمرغ ـ عمرانی,4724,خراسان رضوی
هامون جازموریان,45,فلات مرکزی,4,پایاب دهوج,4506,کرمان
هامون جازموریان,45,فلات مرکزی,4,پهنه هامون جازموریان,4521,سیستان و بلوچستان
کویر لوت,46,فلات مرکزی,4,تخت نادری,4608,یزد
کویر مرکزی,47,فلات مرکزی,4,تربت حیدریه,4728,خراسان رضوی
کویر مرکزی,47,فلات مرکزی,4,ترود,4731,سمنان
کویر سیاه کوه,48,فلات مرکزی,4,تفت ـنصرآباد,4809,یزد
دریاچه نمک,41,فلات مرکزی,4,تفرش,4113,مرکزی
طشک - بختگان - مهارلو,43,فلات مرکزی,4,تنگ حنا ـ پیچگان,4310,فارس
دریاچه نمک,41,فلات مرکزی,4,تهران ـ کرج,4133,تهران
طشک - بختگان - مهارلو,43,فلات مرکزی,4,توابع ارسنجان,4301,فارس
کویر مرکزی,47,فلات مرکزی,4,جاجرم,4742,خراسان شمالی
کویر مرکزی,47,فلات مرکزی,4,جندق,4711,اصفهان
کویر مرکزی,47,فلات مرکزی,4,جنگل,4726,خراسان رضوی
طشک - بختگان - مهارلو,43,فلات مرکزی,4,جنوب دریاچه طشک,4304,فارس
کویر مرکزی,47,فلات مرکزی,4,جوین,4740,خراسان رضوی
هامون جازموریان,45,فلات مرکزی,4,جیرفت,4503,کرمان
گاو خونی,42,فلات مرکزی,4,چادگان,4211,اصفهان
هامون جازموریان,45,فلات مرکزی,4,چاه هاشم,4514,سیستان و بلوچستان
ابرقو - سیرجان,44,فلات مرکزی,4,چاهک ـشهریاری,4412,یزد
کویر لوت,46,فلات مرکزی,4,چاهک ـموسویه,4602,خراسان جنوبی
گاو خونی,42,فلات مرکزی,4,چلگرد ـقلعه شاهرخ,4216,چهار محال بختیاری
کویر لوت,46,فلات مرکزی,4,چهل پایه,4611,یزد
گاو خونی,42,فلات مرکزی,4,چهل خانه,4213,اصفهان
کویر مرکزی,47,فلات مرکزی,4,چویانان,4710,اصفهان
ابرقو - سیرجان,44,فلات مرکزی,4,حسن آباد ـ قوری,4413,فارس
کویر لوت,46,فلات مرکزی,4,حصاروئیه,4626,سیستان و بلوچستان
کویر مرکزی,47,فلات مرکزی,4,حلوان ـ رباط خان,4714,یزد
ابرقو - سیرجان,44,فلات مرکزی,4,خاتون آباد,4414,کرمان
طشک - بختگان - مهارلو,43,فلات مرکزی,4,خانه کت,4306,فارس
طشک - بختگان - مهارلو,43,فلات مرکزی,4,خسرو شیرین,4320,فارس
دریاچه نمک,41,فلات مرکزی,4,خمین,4131,مرکزی
دریاچه نمک,41,فلات مرکزی,4,خناجین,4114,مرکزی
کویر مرکزی,47,فلات مرکزی,4,خور ـ فرخی,4712,اصفهان
طشک - بختگان - مهارلو,43,فلات مرکزی,4,خیر,4307,فارس
طشک - بختگان - مهارلو,43,فلات مرکزی,4,داریان,4312,فارس
کویر مرکزی,47,فلات مرکزی,4,دامغان,4747,سمنان
گاو خونی,42,فلات مرکزی,4,دامنه ـ داران,4214,اصفهان
کویر مرکزی,47,فلات مرکزی,4,داورزن ـ فرومد,4734,خراسان رضوی
کویر مرکزی,47,فلات مرکزی,4,درونه,4716,خراسان رضوی
دریاچه نمک,41,فلات مرکزی,4,دریاچه نمک,4101,قم
طشک - بختگان - مهارلو,43,فلات مرکزی,4,دزگرد ـ کامفیروز,4319,فارس
کویر مرکزی,47,فلات مرکزی,4,دستگردان,4715,یزد
کویر مرکزی,47,فلات مرکزی,4,دشت رخ,4739,خراسان رضوی
طشک - بختگان - مهارلو,43,فلات مرکزی,4,دشت نمدان,4317,فارس
هامون جازموریان,45,فلات مرکزی,4,دشتاب,4509,کرمان
کویر لوت,46,فلات مرکزی,4,دق تل حمید,4605,یزد
کویر لوت,46,فلات مرکزی,4,دق سرجنگل,4609,کرمان
کویر سیاه کوه,48,فلات مرکزی,4,دق سرخ,4804,اصفهان
کویر لوت,46,فلات مرکزی,4,دق کهورک,4624,سیستان و بلوچستان
هامون جازموریان,45,فلات مرکزی,4,دلگان ـ چاه کیجی,4520,سیستان و بلوچستان
دریاچه نمک,41,فلات مرکزی,4,دماوند,4135,تهران
طشک - بختگان - مهارلو,43,فلات مرکزی,4,ده بید,4316,فارس
کویر لوت,46,فلات مرکزی,4,ده سلم,4633,خراسان جنوبی
ابرقو - سیرجان,44,فلات مرکزی,4,ده شیر,4405,یزد
کویر لوت,46,فلات مرکزی,4,دومک,4627,سیستان و بلوچستان
کویر لوت,46,فلات مرکزی,4,دیهوک,4613,یزد
هامون جازموریان,45,فلات مرکزی,4,رابر,4511,کرمان
هامون جازموریان,45,فلات مرکزی,4,رامون ـ بحرآسمان,4504,کرمان
کویر لوت,46,فلات مرکزی,4,راور,4610,کرمان
کویر لوت,46,فلات مرکزی,4,راین,4621,کرمان
کویر لوت,46,فلات مرکزی,4,رحمت آباد,4623,کرمان
دریاچه نمک,41,فلات مرکزی,4,رزن ـ قهاوند,4115,همدان
کویر مرکزی,47,فلات مرکزی,4,رشتخوار,4727,خراسان رضوی
کویر درانجیر,49,فلات مرکزی,4,رفسنجان,4902,کرمان
هامون جازموریان,45,فلات مرکزی,4,رودبارجیرفت,4501,کرمان
کویر مرکزی,47,فلات مرکزی,4,ریوش,4730,خراسان رضوی
کویر درانجیر,49,فلات مرکزی,4,زرند,4911,کرمان
دریاچه نمک,41,فلات مرکزی,4,زرند ساوه,4102,مرکزی
کویر لوت,46,فلات مرکزی,4,ساردوئیه,4622,کرمان
کویر درانجیر,49,فلات مرکزی,4,ساغند,4912,یزد
دریاچه نمک,41,فلات مرکزی,4,ساوه,4112,مرکزی
کویر مرکزی,47,فلات مرکزی,4,سبزوار,4735,خراسان رضوی
کویر لوت,46,فلات مرکزی,4,سده,4603,خراسان جنوبی
هامون جازموریان,45,فلات مرکزی,4,سراب هلیل,4512,کرمان
کویر لوت,46,فلات مرکزی,4,سرایان,4601,خراسان جنوبی
طشک - بختگان - مهارلو,43,فلات مرکزی,4,سرپنیران,4314,فارس
ابرقو - سیرجان,44,فلات مرکزی,4,سرچاهان,4410,فارس
کویر مرکزی,47,فلات مرکزی,4,سرخه,4703,سمنان
طشک - بختگان - مهارلو,43,فلات مرکزی,4,سروستان,4326,فارس
طشک - بختگان - مهارلو,43,فلات مرکزی,4,سعادت آباد,4313,فارس
هامون جازموریان,45,فلات مرکزی,4,سلطانی,4510,کرمان
کویر لوت,46,فلات مرکزی,4,سمن آباد ـ عمبری,4635,خراسان جنوبی
کویر مرکزی,47,فلات مرکزی,4,سمنان,4704,سمنان
کویر لوت,46,فلات مرکزی,4,سهل آباد,4636,خراسان جنوبی
طشک - بختگان - مهارلو,43,فلات مرکزی,4,سیدان ـ فاروق,4303,فارس
ابرقو - سیرجان,44,فلات مرکزی,4,سیرجان,4419,کرمان
کویر درانجیر,49,فلات مرکزی,4,سیریز ـ طغرل جرد,4910,کرمان
دریاچه نمک,41,فلات مرکزی,4,شازند,4120,مرکزی
کویر مرکزی,47,فلات مرکزی,4,شاهرود,4749,سمنان
دریاچه نمک,41,فلات مرکزی,4,شریف آباد,4125,قم
کویر لوت,46,فلات مرکزی,4,شهداد,4617,کرمان
ابرقو - سیرجان,44,فلات مرکزی,4,شهر بابک,4411,کرمان
کویر مرکزی,47,فلات مرکزی,4,شوقان,4744,خراسان شمالی
طشک - بختگان - مهارلو,43,فلات مرکزی,4,شیراز,4323,فارس
ابرقو - سیرجان,44,فلات مرکزی,4,صادق آباد,4403,فارس
کویر مرکزی,47,فلات مرکزی,4,صفی آباد,4745,خراسان شمالی
کویر لوت,46,فلات مرکزی,4,طبس,4604,یزد
کویر سیاه کوه,48,فلات مرکزی,4,طرق ـ ابیازن,4802,اصفهان
کویر مرکزی,47,فلات مرکزی,4,عطائیه,4736,خراسان رضوی
کویر سیاه کوه,48,فلات مرکزی,4,عقدا,4807,یزد
گاو خونی,42,فلات مرکزی,4,علویجه ـدهق,4204,اصفهان
کویر لوت,46,فلات مرکزی,4,علی آباد هامون,4614,خراسان جنوبی
هامون جازموریان,45,فلات مرکزی,4,فاریاب شرقی,4502,کرمان
کویر مرکزی,47,فلات مرکزی,4,فردوس,4719,خراسان جنوبی
کویر مرکزی,47,فلات مرکزی,4,فیروزکوه,4706,تهران
طشک - بختگان - مهارلو,43,فلات مرکزی,4,قادرآباد ـ مادرسلیمان,4315,فارس
طشک - بختگان - مهارلو,43,فلات مرکزی,4,قره باغ,4324,فارس
کویر درانجیر,49,فلات مرکزی,4,قریته العرب,4907,کرمان
دریاچه نمک,41,فلات مرکزی,4,قزوین,4106,قزوین
ابرقو - سیرجان,44,فلات مرکزی,4,قطروئیه,4416,فارس
دریاچه نمک,41,فلات مرکزی,4,قطعه 4 ساوه,4103,تهران
هامون جازموریان,45,فلات مرکزی,4,قلعه گنج و کم سفید,4513,کرمان
کویر مرکزی,47,فلات مرکزی,4,قلعه میدان,4737,خراسان رضوی
دریاچه نمک,41,فلات مرکزی,4,قم ـ کهک,4126,قم
گاو خونی,42,فلات مرکزی,4,قمشه,4218,اصفهان
دریاچه نمک,41,فلات مرکزی,4,قیدار,4109,زنجان
هامون جازموریان,45,فلات مرکزی,4,کارواندر,4519,سیستان و بلوچستان
دریاچه نمک,41,فلات مرکزی,4,کاشان,4132,اصفهان
کویر مرکزی,47,فلات مرکزی,4,کاشمر,4729,خراسان رضوی
دریاچه نمک,41,فلات مرکزی,4,کبودر آهنگ,4116,همدان
کویر درانجیر,49,فلات مرکزی,4,کرمان ـ باغین,4906,کرمان
گاو خونی,42,فلات مرکزی,4,کرون,4207,اصفهان
کویر لوت,46,فلات مرکزی,4,کشیت,4619,کرمان
ابرقو - سیرجان,44,فلات مرکزی,4,کفه طاغستان,4406,یزد
دریاچه نمک,41,فلات مرکزی,4,کمیجان,4118,مرکزی
طشک - بختگان - مهارلو,43,فلات مرکزی,4,کوار مهارلو,4325,فارس
کویر لوت,46,فلات مرکزی,4,کورین ـ شورو,4628,سیستان و بلوچستان
کویر درانجیر,49,فلات مرکزی,4,کوهبنان,4909,کرمان
گاو خونی,42,فلات مرکزی,4,کوهپایه ـ سگزی,4201,اصفهان
ابرقو - سیرجان,44,فلات مرکزی,4,کویر ابرقو,4404,یزد
کویر مرکزی,47,فلات مرکزی,4,کویر حاج علی قلی (کویر دامغان),4748,سمنان
کویر مرکزی,47,فلات مرکزی,4,کویر خارطوران,4733,سمنان
کویر درانجیر,49,فلات مرکزی,4,کویر درانجیر,4901,یزد
کویر سیاه کوه,48,فلات مرکزی,4,کویر ریگ زرین,4811,یزد
کویر مرکزی,47,فلات مرکزی,4,کویر سمنان,4702,سمنان
کویر سیاه کوه,48,فلات مرکزی,4,کویر سیاه کوه,4810,یزد
ابرقو - سیرجان,44,فلات مرکزی,4,کویر سیرجان,4418,کرمان
ابرقو - سیرجان,44,فلات مرکزی,4,کویر قطروئیه,4417,فارس
کویر لوت,46,فلات مرکزی,4,کویر لوت,4634,کرمان
کویر مرکزی,47,فلات مرکزی,4,کویر مرکزی (دشت کویر),4701,سمنان
کویر مرکزی,47,فلات مرکزی,4,کویر نمک (کویر بجستان),4718,خراسان جنوبی
ابرقو - سیرجان,44,فلات مرکزی,4,کویر هرات و مروست,4415,کرمان
کویر لوت,46,فلات مرکزی,4,کویراله آباد,4606,یزد
گاو خونی,42,فلات مرکزی,4,گاوخونی,4221,اصفهان
کویر لوت,46,فلات مرکزی,4,گرگی زیارت,4631,سیستان و بلوچستان
کویر مرکزی,47,فلات مرکزی,4,گرمسار,4705,سمنان
طشک - بختگان - مهارلو,43,فلات مرکزی,4,گشنگان,4327,فارس
کویر لوت,46,فلات مرکزی,4,گلباف (گوک),4618,کرمان
دریاچه نمک,41,فلات مرکزی,4,گلپایگان,4130,اصفهان
کویر مرکزی,47,فلات مرکزی,4,گناباد,4725,خراسان رضوی
کویر لوت,46,فلات مرکزی,4,گوهرکوه,4625,سیستان و بلوچستان
گاو خونی,42,فلات مرکزی,4,لنجانات,4209,اصفهان
دریاچه نمک,41,فلات مرکزی,4,لنگرود,4121,مرکزی
دریاچه نمک,41,فلات مرکزی,4,لواسانات,4136,تهران
کویر مرکزی,47,فلات مرکزی,4,مبارکیه (کویر گرمسار),4707,تهران
دریاچه نمک,41,فلات مرکزی,4,محلات ـ دلیجان,4128,مرکزی
کویر مرکزی,47,فلات مرکزی,4,محولات,4722,خراسان رضوی
کویر لوت,46,فلات مرکزی,4,مختاران,4615,خراسان جنوبی
طشک - بختگان - مهارلو,43,فلات مرکزی,4,مرودشت ـ خرامه,4311,فارس
ابرقو - سیرجان,44,فلات مرکزی,4,مروست,4407,یزد
دریاچه نمک,41,فلات مرکزی,4,مسیله,4110,قم
گاو خونی,42,فلات مرکزی,4,مهیار جنوبی ـدشت آسمان,4217,اصفهان
گاو خونی,42,فلات مرکزی,4,مهیار شمالی,4208,اصفهان
دریاچه نمک,41,فلات مرکزی,4,موته,4129,اصفهان
گاو خونی,42,فلات مرکزی,4,مورچه خورت,4203,اصفهان
کویر مرکزی,47,فلات مرکزی,4,میامی,4746,سمنان
کویر لوت,46,فلات مرکزی,4,میغان ـ ده نو,4632,خراسان جنوبی
گاو خونی,42,فلات مرکزی,4,میمه,4205,اصفهان
کویر لوت,46,فلات مرکزی,4,نایبند,4612,یزد
کویر سیاه کوه,48,فلات مرکزی,4,نائین,4806,اصفهان
گاو خونی,42,فلات مرکزی,4,نجف آباد,4206,اصفهان
کویر لوت,46,فلات مرکزی,4,نصرت آباد,4630,سیستان و بلوچستان
دریاچه نمک,41,فلات مرکزی,4,نهرمیان,4122,مرکزی
دریاچه نمک,41,فلات مرکزی,4,نوبران,4111,مرکزی
طشک - بختگان - مهارلو,43,فلات مرکزی,4,نیریز,4309,فارس
دریاچه نمک,41,فلات مرکزی,4,نیزار ـ سلفچکان,4127,قم
کویر مرکزی,47,فلات مرکزی,4,نیشابور,4738,خراسان رضوی
ابرقو - سیرجان,44,فلات مرکزی,4,هرات,4409,یزد
دریاچه نمک,41,فلات مرکزی,4,هشتگرد,4105,تهران
دریاچه نمک,41,فلات مرکزی,4,همدان ـ بهار,4117,همدان
کویر مرکزی,47,فلات مرکزی,4,هومند ـ آبسرد,4709,تهران
دریاچه نمک,41,فلات مرکزی,4,ورامین,4134,تهران
گاو خونی,42,فلات مرکزی,4,یان چشمه,4215,چهار محال بختیاری
کویر سیاه کوه,48,فلات مرکزی,4,یزد ـ اردکان,4808,یزد
کویر مرکزی,47,فلات مرکزی,4,ینگجه,4741,خراسان رضوی
نمکزار خواف,51,مرزی شرق,5,اسفدان,5104,خراسان جنوبی
هامون مشکیل,53,مرزی شرق,5,اسفندک,5306,سیستان و بلوچستان
هامون هیرمند,52,مرزی شرق,5,بندان,5205,خراسان جنوبی
هامون مشکیل,53,مرزی شرق,5,تهلاب,5302,سیستان و بلوچستان
هامون مشکیل,53,مرزی شرق,5,جالق,5301,سیستان و بلوچستان
هامون هیرمند,52,مرزی شرق,5,حسین آباد,5202,خراسان جنوبی
هامون مشکیل,53,مرزی شرق,5,خاش,5303,سیستان و بلوچستان
نمکزار خواف,51,مرزی شرق,5,خواف,5101,خراسان رضوی
نمکزار خواف,51,مرزی شرق,5,خوشاب,5109,خراسان جنوبی
نمکزار خواف,51,مرزی شرق,5,درمیان ـ اسدآباد,5111,خراسان جنوبی
هامون هیرمند,52,مرزی شرق,5,دورح,5201,خراسان جنوبی
هامون هیرمند,52,مرزی شرق,5,زابل,5210,سیستان و بلوچستان
هامون مشکیل,53,مرزی شرق,5,زابلی,5307,سیستان و بلوچستان
هامون هیرمند,52,مرزی شرق,5,زاهدان,5209,سیستان و بلوچستان
نمکزار خواف,51,مرزی شرق,5,زوزن,5102,خراسان رضوی
هامون مشکیل,53,مرزی شرق,5,سراوان,5308,سیستان و بلوچستان
هامون هیرمند,52,مرزی شرق,5,سربیشه,5203,خراسان جنوبی
هامون مشکیل,53,مرزی شرق,5,سیب و سوران,5309,سیستان و بلوچستان
نمکزار خواف,51,مرزی شرق,5,شاه رخت ـ دق پترگان,5108,خراسان جنوبی
هامون هیرمند,52,مرزی شرق,5,علی آباد,5206,خراسان جنوبی
نمکزار خواف,51,مرزی شرق,5,قائن,5105,خراسان جنوبی
نمکزار خواف,51,مرزی شرق,5,قائنات,5106,خراسان جنوبی
نمکزار خواف,51,مرزی شرق,5,گزیک ـآواز,5110,خراسان جنوبی
نمکزار خواف,51,مرزی شرق,5,گیسور,5103,خراسان رضوی
هامون مشکیل,53,مرزی شرق,5,لادیز,5305,سیستان و بلوچستان
هامون مشکیل,53,مرزی شرق,5,میرجاوه,5304,سیستان و بلوچستان
نمکزار خواف,51,مرزی شرق,5,نمکزار خواف,5107,خراسان جنوبی
هامون هیرمند,52,مرزی شرق,5,نهبندان,5207,خراسان جنوبی
هامون هیرمند,52,مرزی شرق,5,هامون هیرمند,5204,سیستان و بلوچستان
هامون هیرمند,52,مرزی شرق,5,هرمک,5208,سیستان و بلوچستان
